,rating_pt,rating_db
0,0.0,-0.2
1,0.0,-0.2
2,0.0999999999999999,-0.2
3,0.2,0.2
4,-0.1666666666666666,0.0
5,0.1363636363636363,-0.2
6,-0.1,0.0
7,0.0,0.2
8,0.0,-0.2
9,0.0,0.0
10,0.4166666666666666,-0.2
11,0.0,-0.6
12,-0.15,-0.2
13,0.0,0.0
14,-0.5,-0.2
15,0.0,0.0
16,0.0,0.0
17,0.0,0.0
18,0.0,0.0
19,-0.1666666666666666,-0.2
20,0.4,0.2
21,0.0,0.0
22,0.1181818181818181,0.2
23,0.0,-0.2
24,0.3666666666666667,0.2
25,0.0,0.0
26,0.0571428571428571,-0.2
27,0.2,0.4
28,0.0,0.0
29,0.5,0.0
30,0.1340909090909091,0.0
31,0.3333333333333333,0.0
32,-0.0533333333333333,-0.2
33,0.0454545454545454,0.0
34,0.0,-0.2
35,-0.25,-0.6
36,-0.05,0.0
37,-0.0255681818181818,0.2
38,0.0,-0.6
39,0.0,0.0
40,0.0,0.0
41,0.0,0.0
42,0.1363636363636363,-0.2
43,0.5,0.0
44,0.0,0.0
45,0.0,-0.2
46,0.0,0.0
47,-0.2,-0.2
48,0.1363636363636363,0.0
49,0.0999999999999999,-0.2
50,0.2,0.0
51,0.0,0.0
52,-0.1888888888888888,-0.2
53,0.0277777777777777,0.0
54,0.0,0.0
55,0.2,0.2
56,0.0,0.0
57,0.25,-0.4
58,0.0,0.0
59,-0.25,-0.2
60,0.0,-0.2
61,-0.15,-0.2
62,0.0,0.0
63,0.0,0.0
64,0.0,-0.2
65,0.0,-0.6
66,0.0,-0.4
67,0.0,0.0
68,0.0454545454545454,-0.4
69,-0.3,-0.2
70,0.034090909090909,-0.2
71,0.575,0.2
72,0.0,0.0
73,0.0,0.0
74,0.4,0.0
75,0.0,0.2
76,-0.2,0.4
77,-0.0625,-0.6
78,-0.0255681818181818,0.2
79,-0.1888888888888888,-0.2
80,0.0277777777777777,-0.2
81,0.0375,0.0
82,0.0,-0.2
83,0.0,0.0
84,0.1363636363636363,0.0
85,0.0,0.0
86,-0.6,-0.4
87,0.0,0.0
88,0.0,0.0
89,0.0,0.2
90,0.0,0.4
91,0.0,0.0
92,0.0,0.0
93,0.25,0.2
94,-0.1,0.0
95,0.3333333333333333,-0.6
96,1.0,0.4
97,0.0,0.0
98,0.0,0.0
99,0.5,0.2
100,0.0,0.2
101,0.45,-0.2
102,-0.2,-0.2
103,0.0,0.0
104,0.0,-0.2
105,0.0,0.0
106,0.0,0.0
107,0.0,-0.2
108,-0.3,-0.2
109,-0.0124999999999999,-0.4
110,0.0571428571428571,-0.2
111,0.0,-0.2
112,0.0,-0.2
113,0.0,0.0
114,0.0,0.0
115,0.0,-0.2
116,0.0,-0.2
117,-0.3,0.2
118,0.15,0.0
119,-0.5,-0.2
120,-0.0125,0.0
121,-0.25,-0.2
122,0.0,-0.2
123,0.0,0.2
124,0.05,-0.2
125,-0.2,0.2
126,-0.15,-0.2
127,0.5,0.0
128,0.0,0.0
129,0.0,-0.2
130,0.0,-0.2
131,0.05,0.0
132,0.0,0.0
133,0.0,0.0
134,-0.0666666666666666,0.0
135,0.0,0.0
136,-1.0,-0.4
137,0.575,0.2
138,0.0,0.0
139,0.0,0.0
140,0.1666666666666666,0.2
141,0.0,0.2
142,0.0,0.2
143,0.0,-0.2
144,0.0,0.0
145,0.0662878787878787,-0.2
146,0.1363636363636363,0.0
147,0.0,0.0
148,0.0,0.0
149,0.0,0.0
150,-0.25,-0.8
151,0.0,-0.2
152,0.0,0.4
153,0.0,0.0
154,0.0,-0.4
155,0.0,0.2
156,0.15,0.0
157,-0.2,0.4
158,0.0,-0.4
159,-0.0125,-0.2
160,0.0142857142857142,-0.2
161,0.0,0.0
162,0.4333333333333333,0.4
163,0.05,0.0
164,-0.4,0.0
165,0.0,0.2
166,0.0,-0.2
167,0.0,-0.2
168,-0.2,-0.2
169,0.0,0.2
170,0.15,0.0
171,0.0,0.0
172,-0.1,0.0
173,0.0,0.0
174,-0.0833333333333333,0.0
175,0.5,0.2
176,0.0,-0.2
177,0.3,0.2
178,0.03125,0.0
179,-0.3,0.0
180,0.0,-0.2
181,0.0,0.2
182,0.0,0.0
183,0.0,0.0
184,0.0,0.2
185,0.0,0.0
186,0.0392857142857142,0.0
187,-0.1833333333333333,-0.2
188,0.1,0.2
189,0.203125,0.2
190,-0.3,0.2
191,0.5,0.4
192,0.0,0.0
193,0.0,0.0
194,0.0,0.0
195,0.1,0.0
196,-0.3166666666666666,0.0
197,0.1,0.0
198,0.0,0.0
199,0.0,-0.6
200,0.0,0.0
201,0.0,-0.2
202,0.1380952380952381,0.0
203,0.0,-0.4
204,-0.4499999999999999,-0.2
205,0.0,-0.2
206,0.0,-0.2
207,-0.6,-0.2
208,0.0,0.0
209,0.0,-0.2
210,0.0,-0.2
211,0.0,0.0
212,0.0,0.0
213,0.0,-0.2
214,0.0,-0.2
215,-0.0555555555555555,-0.2
216,-0.1,0.2
217,0.0333333333333333,-0.2
218,0.0,-0.2
219,0.0,0.0
220,-0.0151515151515151,0.0
221,0.0,0.0
222,-0.1666666666666666,-0.2
223,0.0,0.2
224,0.0,0.0
225,-0.275,-0.6
226,0.0,-0.2
227,0.0,0.0
228,0.0,0.0
229,0.0,-0.2
230,0.0,-0.2
231,0.0,0.2
232,0.05,0.0
233,0.0,-0.2
234,0.2,0.0
235,0.15,0.0
236,0.0,0.2
237,0.0625,0.0
238,0.5,0.2
239,0.0,0.0
240,0.1,-0.2
241,0.0,0.2
242,-0.5,-0.2
243,0.1,-0.2
244,0.0,0.0
245,0.0,-0.2
246,0.0392857142857142,0.0
247,0.0,0.0
248,-1.0,-0.4
249,0.0,0.0
250,-0.3,0.0
251,1.0,0.4
252,0.1944444444444444,0.0
253,0.0916666666666666,0.0
254,0.0,0.2
255,0.0,0.0
256,0.353125,0.6
257,0.0,0.2
258,0.0,0.0
259,0.0,0.0
260,-0.425,-0.2
261,0.0,0.0
262,0.0,0.0
263,-0.1875,-0.2
264,0.0,0.0
265,0.0,0.0
266,0.0,0.2
267,0.05,0.0
268,0.0,0.0
269,0.0,-0.2
270,-0.4,0.0
271,0.0,0.0
272,0.0,-0.4
273,0.0,-0.6
274,-0.0833333333333333,0.0
275,0.3,0.2
276,0.0,0.0
277,0.2,0.2
278,0.2,0.2
279,0.0,0.0
280,0.0,0.0
281,0.0,-0.2
282,-0.175,0.0
283,0.1363636363636363,-0.4
284,0.0,-0.2
285,0.0,-0.2
286,-0.05,0.2
287,-0.2,0.0
288,0.1,-0.2
289,0.0392857142857142,0.0
290,0.85,0.2
291,0.0,0.0
292,0.0,0.0
293,0.0,0.0
294,0.0,-0.2
295,0.0,-0.4
296,0.1363636363636363,0.0
297,0.0,0.2
298,0.0,0.0
299,0.0,0.2
300,-0.3,-0.2
301,-0.5,-0.2
302,-0.1,0.0
303,0.0,0.0
304,0.0,0.0
305,0.1,0.0
306,-0.05,0.0
307,0.3,0.2
308,-0.175,-0.2
309,0.75,0.2
310,0.15,0.0
311,0.0,0.0
312,0.0,0.0
313,0.0,-0.2
314,0.0,0.0
315,0.3,0.0
316,0.0,-0.2
317,-0.125,0.0
318,-0.5,-0.4
319,-0.5,-0.2
320,-0.3,0.0
321,0.0,0.0
322,-0.3,-0.2
323,0.05,0.0
324,0.3,0.2
325,0.15,0.0
326,0.0,-0.2
327,0.0625,0.0
328,0.05,0.0
329,0.0931818181818181,0.0
330,0.0,0.0
331,-0.2,0.0
332,0.0681818181818181,-0.2
333,0.0,0.0
334,0.05,0.0
335,-0.25,-0.2
336,-0.3,0.2
337,0.0,0.0
338,-0.425,-0.2
339,0.0,0.0
340,0.5,-0.4
341,0.0,0.4
342,-0.5,-0.2
343,0.0,0.2
344,-0.075,-0.4
345,0.35,0.2
346,-0.6,-0.4
347,0.05,0.0
348,0.0,0.0
349,-0.5,-0.2
350,0.0,0.0
351,0.353125,0.6
352,0.225,0.2
353,0.1944444444444444,0.0
354,0.0,0.0
355,-0.125,0.0
356,0.8,0.2
357,0.2,-0.2
358,0.15,0.4
359,0.0,0.4
360,-0.25,-0.4
361,0.4,-0.4
362,0.1111111111111111,0.2
363,0.0,0.0
364,0.2,0.0
365,0.6,0.0
366,0.0625,0.0
367,1.0,0.4
368,0.0,0.0
369,0.0,-0.2
370,0.0,0.0
371,0.0,0.0
372,0.0,0.0
373,0.0,-0.2
374,0.7333333333333334,0.4
375,-0.2,0.0
376,0.1,0.0
377,0.15,0.2
378,0.0,-0.2
379,-0.25,0.0
380,-0.0833333333333333,0.0
381,-0.2,-0.2
382,0.0,0.0
383,0.0,-0.2
384,0.1363636363636363,-0.2
385,0.0,0.0
386,0.0,-0.2
387,-0.4,0.0
388,0.0,0.0
389,0.0,0.2
390,-0.25,-0.4
391,0.3666666666666667,0.2
392,0.0,-0.2
393,0.0,-0.4
394,0.2272727272727272,0.0
395,0.05,0.0
396,0.25,0.0
397,0.0,0.0
398,-0.25,-0.2
399,-0.5,-0.2
400,0.05,0.0
401,0.0,0.0
402,-0.425,-0.2
403,0.0065656565656565,0.0
404,0.0,0.0
405,-0.1666666666666666,0.0
406,-0.05,0.0
407,0.15,0.0
408,0.5416666666666666,0.6
409,0.4,-0.4
410,0.0,-0.2
411,-0.1818181818181818,-0.4
412,0.5,0.0
413,-0.3333333333333333,-0.2
414,0.0,0.4
415,0.0,0.0
416,0.0,0.2
417,0.0,0.0
418,0.2,0.0
419,0.0,0.0
420,0.0,-0.2
421,0.0,-0.2
422,0.0,0.0
423,-0.1666666666666666,0.0
424,0.0,-0.4
425,0.0,0.0
426,-0.0714285714285714,-0.4
427,0.05,0.0
428,-0.2,-0.2
429,0.0,0.0
430,0.0,-0.2
431,-0.5,-0.6
432,0.0,-0.2
433,-0.1818181818181818,-0.6
434,-0.5,-0.6
435,0.3571428571428571,0.0
436,0.1363636363636363,0.0
437,0.0,0.0
438,-0.0833333333333333,0.0
439,0.1,0.0
440,0.225,0.4
441,0.2467532467532467,0.0
442,0.0,0.0
443,0.0,0.0
444,0.0,0.0
445,0.3571428571428571,0.0
446,0.3571428571428571,0.0
447,0.0,0.0
448,0.0,-0.2
449,0.5,0.0
450,0.2,0.4
451,0.0,0.0
452,0.0,-0.2
453,0.0,0.0
454,-0.125,-0.4
455,0.0,0.0
456,0.0,0.2
457,-0.0378787878787878,0.0
458,0.0,-0.2
459,-0.0625,-0.2
460,-0.1,0.2
461,0.0,-0.2
462,-0.0151515151515151,0.0
463,0.5,-0.2
464,-0.2,-0.4
465,0.0,0.0
466,0.0,0.0
467,-0.0818181818181818,0.0
468,0.0181818181818181,0.0
469,0.0,-0.2
470,0.3571428571428571,0.0
471,-0.075,0.0
472,-0.1,0.0
473,0.0,-0.8
474,-0.0318181818181818,-0.2
475,0.1363636363636363,-0.2
476,-0.25,0.0
477,0.1363636363636363,0.0
478,0.3333333333333333,0.0
479,0.25,0.2
480,0.0,0.0
481,0.1999999999999999,-0.2
482,0.0,0.0
483,0.15,0.2
484,0.0,-0.2
485,0.1363636363636363,-0.2
486,0.3666666666666667,0.2
487,0.0,0.0
488,0.0,-0.2
489,0.0,0.0
490,0.0,-0.2
491,0.4333333333333334,0.0
492,-0.1,0.0
493,0.2,-0.2
494,0.0,-0.2
495,0.1333333333333333,0.0
496,0.0,-0.2
497,0.0,0.0
498,0.0,0.0
499,0.0,0.0
500,0.2375,-0.2
501,-0.0625,-0.2
502,0.0,0.0
503,0.1,0.0
504,0.3,0.0
505,0.025,0.0
506,0.2,0.4
507,0.1875,0.0
508,0.0,0.0
509,0.0,0.0
510,-0.1458333333333333,-0.2
511,0.0,-0.4
512,0.0,-0.2
513,0.0,0.0
514,0.0,0.0
515,0.0,0.0
516,0.0,-0.4
517,0.0,0.0
518,-0.0833333333333333,0.0
519,-0.0333333333333333,0.0
520,0.0,-0.6
521,0.2,0.0
522,0.0,0.0
523,0.0,0.2
524,0.0625,0.0
525,0.0,-0.2
526,0.7333333333333334,0.4
527,0.75,0.2
528,0.0,-0.4
529,0.0,-0.2
530,0.025,-0.4
531,0.0,-0.6
532,0.3666666666666667,0.2
533,0.0,-0.4
534,0.1333333333333333,0.0
535,0.0,-0.2
536,-0.1,0.0
537,0.15,0.2
538,0.0,0.0
539,0.0,-0.2
540,-0.1318181818181818,-0.2
541,-0.1138888888888889,0.0
542,0.2375,-0.2
543,0.5,0.2
544,0.3,0.0
545,0.0,0.4
546,0.0,0.2
547,0.025,0.0
548,0.2,0.4
549,0.0,-0.4
550,0.0,0.0
551,0.0,-0.2
552,-0.1878787878787879,-0.4
553,0.0,-0.4
554,0.0,0.0
555,0.0,-0.2
556,0.1363636363636363,0.0
557,-0.0714285714285714,-0.2
558,0.0,-0.2
559,0.1363636363636363,0.0
560,0.0,0.0
561,0.0,0.0
562,0.0,0.0
563,-0.375,-0.2
564,0.0,0.2
565,0.025,0.0
566,0.2,-0.2
567,0.3,0.4
568,0.0,-0.4
569,0.0,0.0
570,0.0,0.0
571,0.0,-0.4
572,0.0,-0.2
573,0.0,-0.2
574,-0.15,-0.4
575,-0.475,-0.2
576,-0.2,-0.4
577,-0.05,0.0
578,0.0,0.0
579,0.3571428571428571,-0.4
580,0.0,-0.6
581,-0.05,-0.2
582,-0.1,-0.4
583,0.0,0.2
584,-0.3333333333333333,-0.4
585,0.0,0.4
586,0.0,-0.2
587,0.0,0.0
588,-0.0833333333333333,0.0
589,0.0,0.0
590,0.0,-0.2
591,0.0,0.0
592,0.1363636363636363,-0.2
593,0.6,0.2
594,-0.2,-0.2
595,0.0,-0.2
596,0.0,0.0
597,-0.2,-0.6
598,0.0,0.0
599,0.0333333333333333,0.2
600,0.0,0.0
601,0.0,0.0
602,0.5,0.0
603,0.0,-0.2
604,0.3571428571428571,-0.4
605,0.1363636363636363,-0.2
606,0.0681818181818181,0.0
607,0.4000000000000001,0.0
608,-0.1,-0.2
609,0.2333333333333333,0.2
610,0.7333333333333334,0.4
611,0.0,0.0
612,0.1,0.0
613,-0.0833333333333333,0.0
614,-0.1,-0.2
615,0.0,0.2
616,0.0,0.0
617,0.0,0.2
618,0.1,0.4
619,0.0,-0.4
620,-0.02,-0.2
621,0.0,-0.4
622,0.0,-0.2
623,0.0,0.0
624,0.0,-0.2
625,0.0,0.0
626,-0.1458333333333333,-0.2
627,0.0,0.0
628,-0.05,-0.2
629,0.0,0.0
630,0.0,-0.2
631,0.0,0.0
632,-0.5,-0.4
633,-0.2,-0.4
634,0.0,-0.2
635,0.0,-0.4
636,0.0,-0.2
637,0.0,-0.6
638,-0.5,-0.4
639,0.0333333333333333,0.0
640,0.0,-0.2
641,0.0,-0.2
642,-0.1666666666666666,0.0
643,0.4333333333333333,0.2
644,0.0,0.0
645,0.0333333333333333,-0.2
646,-0.0333333333333333,0.0
647,0.0,-0.4
648,-0.0833333333333333,0.0
649,0.0,0.0
650,-0.1,0.0
651,0.0,0.0
652,0.0,-0.2
653,0.3,0.2
654,0.125,-0.2
655,0.0,-0.4
656,0.0,0.0
657,0.0,0.0
658,0.0,-0.4
659,0.0,0.0
660,0.0,0.0
661,0.35,0.0
662,-0.2,-0.4
663,0.3,0.4
664,-0.1,0.0
665,-0.1351398601398601,-0.6
666,0.0,-0.4
667,0.0,-0.6
668,0.0,0.0
669,0.0,0.0
670,0.2166666666666666,0.0
671,0.0,-0.2
672,-0.1666666666666666,0.0
673,0.0,0.0
674,0.0,-0.4
675,0.0,0.0
676,0.0,-0.4
677,0.2111111111111111,0.2
678,0.0333333333333333,0.2
679,0.0,-0.2
680,0.5,-0.2
681,0.0,-0.2
682,0.0,0.2
683,-0.1666666666666666,-0.2
684,-0.0999999999999999,0.0
685,0.0,-0.4
686,0.0,-0.6
687,0.0,-0.8
688,-0.0833333333333333,0.0
689,-0.2,-0.2
690,0.0,-0.2
691,0.0,0.0
692,-0.05,-0.4
693,0.0,0.0
694,0.0,0.2
695,0.0,0.0
696,0.35,0.2
697,0.0,0.0
698,0.0,-0.2
699,0.0333333333333333,-0.2
700,0.35,0.4
701,-0.1,0.0
702,0.3,0.2
703,0.1,0.0
704,0.35,0.0
705,-0.05,-0.2
706,0.0,0.0
707,0.325,0.4
708,0.05,-0.2
709,0.0,0.0
710,-0.2666666666666666,-0.2
711,0.0,-0.2
712,0.0,-0.2
713,0.0,-0.2
714,0.1363636363636363,-0.2
715,0.0,0.0
716,0.0,-0.6
717,-0.125,0.0
718,0.0,-0.6
719,0.0,0.0
720,0.05,0.0
721,0.0,0.0
722,0.0,-0.2
723,0.0,-0.6
724,0.3,0.0
725,0.0,0.0
726,0.0625,-0.2
727,0.125,-0.4
728,0.0,-0.4
729,-0.1,-0.2
730,0.4,0.0
731,0.6,0.4
732,0.125,-0.4
733,0.3,0.2
734,0.0,0.0
735,-0.0833333333333333,-0.4
736,0.0,0.2
737,0.0,0.2
738,0.0,-0.2
739,0.5,-0.2
740,0.0,0.2
741,0.0,-0.2
742,-0.09375,-0.2
743,-0.4,-0.2
744,0.25,0.0
745,0.0,0.0
746,0.0,-0.4
747,-0.7,-0.8
748,0.0,-0.4
749,0.1,0.0
750,0.0,0.0
751,-0.1666666666666666,0.0
752,-0.875,-0.6
753,0.05,0.2
754,0.0,0.2
755,0.1095238095238095,0.2
756,-0.5,-0.4
757,-0.1,-0.2
758,0.0,0.0
759,0.1,-0.2
760,0.1,0.0
761,0.5,0.2
762,0.0,-0.4
763,0.0,-0.4
764,0.0,0.0
765,0.0,0.2
766,0.0,0.0
767,-0.1666666666666666,-0.2
768,0.0444444444444444,-0.2
769,0.1363636363636363,-0.2
770,0.0,0.0
771,-0.0833333333333333,0.0
772,0.8,0.0
773,0.0,0.0
774,0.0,-0.2
775,0.0,-0.2
776,0.1722222222222222,0.0
777,-0.7,-0.2
778,0.3333333333333333,0.4
779,0.1333333333333333,0.0
780,0.0,0.0
781,0.0,0.0
782,0.0,0.0
783,-0.2,0.0
784,0.0,0.0
785,0.0,0.0
786,-0.3,0.0
787,0.25,0.0
788,0.0,0.0
789,0.0,0.0
790,0.0,0.0
791,0.0,-0.4
792,-0.3,0.0
793,-0.25,0.0
794,0.0,0.0
795,-0.1,0.0
796,0.0,0.0
797,0.5,0.2
798,0.3571428571428571,0.0
799,0.0,0.0
800,0.1666666666666666,0.4
801,0.1363636363636363,0.0
802,0.3,0.2
803,0.0,-0.4
804,0.0,-0.6
805,-0.0833333333333333,-0.4
806,0.0,0.0
807,0.0,-0.2
808,0.0,0.0
809,0.0,-0.2
810,0.0,0.0
811,0.0,0.0
812,0.0,0.0
813,0.05,0.0
814,-0.4,-0.2
815,0.2,0.0
816,-0.0818181818181818,0.2
817,0.3,0.0
818,0.0,0.2
819,-0.15,-0.2
820,0.0,-0.6
821,0.0,0.0
822,0.0,0.0
823,0.0,0.0
824,-0.09375,-0.2
825,-0.15,0.0
826,-0.5,-0.4
827,-0.1666666666666666,0.0
828,0.0,0.0
829,0.0,0.0
830,0.0,0.0
831,0.0,0.2
832,0.0,0.0
833,0.0,-0.6
834,0.0,0.0
835,0.0333333333333333,0.2
836,0.0,0.0
837,0.0,-0.2
838,0.0,0.2
839,0.0,0.0
840,0.0,-0.4
841,0.2166666666666666,0.0
842,-0.1,0.2
843,0.25,0.2
844,0.0,-0.2
845,0.1,0.0
846,0.0,-0.2
847,0.0,0.0
848,0.0,-0.2
849,-0.4333333333333333,0.0
850,0.0,-0.4
851,0.0,0.2
852,0.0,-0.2
853,-0.0357142857142857,0.0
854,0.0,0.6
855,-0.0714285714285714,-0.2
856,0.1363636363636363,0.2
857,0.0,-0.4
858,0.084090909090909,-0.8
859,0.0,0.0
860,0.0,0.0
861,0.2121212121212121,0.2
862,0.0,-0.2
863,0.5,-0.2
864,0.1363636363636363,-0.4
865,0.0,0.0
866,0.0,-0.4
867,-0.09375,-0.2
868,0.0333333333333333,0.0
869,0.25,0.0
870,0.0,0.0
871,0.0,0.0
872,0.0,0.0
873,-0.2833333333333333,-0.2
874,0.0,-0.2
875,0.0333333333333333,0.2
876,0.0,0.0
877,0.0,-0.2
878,0.3,0.2
879,-0.1212121212121212,-0.2
880,0.0,0.0
881,-0.1,-0.2
882,0.0,-0.2
883,0.0,-0.2
884,-0.0101010101010101,0.0
885,-0.1,0.0
886,0.4,-0.2
887,0.0681818181818181,0.0
888,0.0,-0.4
889,0.0,0.0
890,0.0242424242424242,0.0
891,0.0549242424242424,0.0
892,0.0,0.0
893,0.0,-0.2
894,0.0,-0.4
895,-0.1,-0.4
896,0.0,0.0
897,-0.0833333333333333,-0.4
898,0.0,0.0
899,0.0,-0.2
900,-0.0212121212121212,-0.2
901,-0.1666666666666666,0.0
902,0.0,0.0
903,0.0,-0.2
904,0.0,0.0
905,0.0,-0.2
906,0.0,0.0
907,-0.05,-0.4
908,-0.2,-0.2
909,-0.3166666666666666,-0.4
910,0.5,0.0
911,-1.0,-0.2
912,-0.2,0.0
913,0.0,0.0
914,0.4,0.0
915,-0.875,-0.6
916,0.05,0.2
917,0.0,0.2
918,-0.1,-0.2
919,0.0,0.0
920,-0.4833333333333333,-0.6
921,0.1095238095238095,0.2
922,0.1,0.0
923,0.0523809523809523,-0.2
924,0.0,0.0
925,-0.2,-0.4
926,-0.1,0.0
927,-0.5,-0.4
928,0.0,0.0
929,-0.4333333333333333,0.0
930,0.0,0.0
931,-0.1333333333333333,-0.2
932,0.0,0.0
933,0.0,0.0
934,0.0,-0.2
935,-0.09375,-0.2
936,-0.1,-0.2
937,-0.0818181818181818,0.2
938,-0.0151515151515151,0.0
939,0.8,0.0
940,0.1722222222222222,0.0
941,-0.05,-0.4
942,0.0333333333333333,0.2
943,0.0,0.0
944,0.3333333333333333,0.4
945,0.0,0.0
946,-0.5,0.0
947,0.0,0.2
948,0.0,0.2
949,0.0,0.2
950,0.4166666666666667,0.2
951,0.0,0.4
952,0.2,0.0
953,-0.1,-0.2
954,-0.1,-0.2
955,-0.15,0.0
956,-0.875,-0.6
957,-0.2,0.0
958,0.25,0.2
959,0.0,0.0
960,0.0,-0.2
961,0.0,0.0
962,-0.8,-0.6
963,0.0,-0.2
964,0.0,0.0
965,0.1,0.0
966,0.0444444444444444,-0.2
967,0.0,0.0
968,-0.0666666666666666,-0.4
969,0.0,0.0
970,0.0,0.2
971,0.25,0.2
972,-0.1,-0.2
973,-0.125,-0.4
974,0.0,0.0
975,0.0,0.2
976,0.0,0.0
977,0.040625,0.0
978,0.0,0.4
979,0.1095238095238095,0.2
980,0.0,0.0
981,0.0,0.0
982,0.0,-0.2
983,0.0,-0.2
984,-0.1833333333333333,-0.2
985,-0.09375,-0.2
986,-0.05,0.0
987,0.0,0.0
988,0.1666666666666666,0.2
989,0.125,0.0
990,-0.4333333333333333,0.0
991,0.5,0.2
992,0.0,-0.4
993,0.1666666666666666,0.2
994,0.0,-0.2
995,0.0,-0.2
996,-0.6,-0.2
997,0.0,0.0
998,0.0681818181818181,0.2
999,0.0,0.2
1000,0.0,0.0
1001,0.0,0.2
1002,0.0,0.4
1003,0.0,0.2
1004,-0.2,0.0
1005,-0.0999999999999999,0.0
1006,0.0,0.2
1007,0.0,-0.2
1008,0.0,-0.2
1009,-0.1,-0.2
1010,0.0,0.0
1011,0.0,0.2
1012,0.0,-0.4
1013,0.0,0.0
1014,0.0,0.0
1015,0.3571428571428571,-0.2
1016,0.0,-0.2
1017,0.5,0.2
1018,-0.0999999999999999,0.0
1019,0.0,-0.2
1020,-0.0333333333333333,0.0
1021,0.0,0.2
1022,0.0,0.0
1023,0.0,-0.2
1024,0.0,0.0
1025,-0.1,-0.2
1026,0.0,0.0
1027,0.0,-0.2
1028,-0.09375,-0.2
1029,-0.05,-0.4
1030,0.0,0.0
1031,0.1,0.0
1032,-0.1333333333333333,0.0
1033,-0.1159090909090909,-0.2
1034,0.0,0.0
1035,-0.2,0.0
1036,-0.0818181818181818,0.2
1037,-0.0999999999999999,0.0
1038,-0.1,0.0
1039,0.0,-0.8
1040,-0.5,0.0
1041,0.0,0.0
1042,0.0,0.0
1043,0.0,0.2
1044,0.375,-0.2
1045,0.0,0.0
1046,-0.1,0.0
1047,0.0,0.0
1048,0.0,-0.2
1049,0.040625,0.0
1050,0.0,-0.2
1051,0.4166666666666667,0.2
1052,0.0,0.0
1053,0.0,0.0
1054,-0.1,0.0
1055,-0.3,-0.2
1056,0.0,-0.2
1057,0.0,-0.2
1058,-0.3,0.0
1059,-0.1,-0.2
1060,0.5,0.2
1061,0.0,0.0
1062,0.0,0.2
1063,0.0,0.2
1064,0.0,-0.4
1065,0.2,0.0
1066,0.0,0.0
1067,-0.0999999999999999,0.0
1068,-0.2,0.0
1069,0.0,0.0
1070,0.1666666666666666,0.2
1071,0.0,0.0
1072,0.325,0.4
1073,0.5,0.2
1074,-0.5,0.0
1075,0.0,0.0
1076,0.0,-0.2
1077,0.0,0.0
1078,-0.1666666666666666,-0.2
1079,0.0,-0.2
1080,0.0,0.0
1081,0.0,-0.2
1082,0.0,-0.2
1083,-0.05,0.0
1084,0.0,0.0
1085,0.25,0.2
1086,0.0,-0.2
1087,-0.2916666666666667,-0.2
1088,0.0,0.2
1089,0.0,-0.2
1090,-0.0151515151515151,0.0
1091,0.0,0.0
1092,-0.2,-0.2
1093,0.2,-0.2
1094,-0.0151515151515151,0.0
1095,0.4166666666666667,0.2
1096,0.0,0.0
1097,0.1363636363636363,0.0
1098,0.0,0.0
1099,0.0,0.0
1100,0.0,0.0
1101,0.1363636363636363,0.0
1102,-0.55,-0.4
1103,0.0,0.0
1104,0.0,0.0
1105,-0.1,0.0
1106,0.0,0.2
1107,-0.1,0.0
1108,0.0,-0.4
1109,0.0,0.0
1110,0.0,0.0
1111,0.0,0.0
1112,-0.2,-0.2
1113,0.0,0.0
1114,0.0,0.0
1115,0.375,-0.2
1116,0.0,-0.8
1117,0.0,0.0
1118,0.0,0.0
1119,0.5,0.2
1120,0.0,-0.2
1121,-0.3,-0.2
1122,0.0,0.0
1123,-0.1,0.0
1124,0.0,0.0
1125,0.0,0.0
1126,-0.2,-0.4
1127,0.1666666666666666,0.2
1128,0.0,0.0
1129,0.0,-0.2
1130,-0.1,0.0
1131,0.1363636363636363,-0.6
1132,0.0,0.0
1133,0.0,0.0
1134,0.0,-0.2
1135,0.5,0.2
1136,0.0,-0.4
1137,0.0,-0.2
1138,0.0681818181818181,0.0
1139,0.1363636363636363,-0.2
1140,0.0,0.2
1141,0.0,-0.2
1142,0.35,0.4
1143,0.4166666666666667,0.0
1144,0.3571428571428571,-0.2
1145,-0.1,-0.4
1146,-0.05,-0.2
1147,0.5,0.0
1148,0.0,-0.4
1149,0.0,-0.2
1150,0.2,-0.4
1151,0.0,-0.2
1152,0.1363636363636363,-0.2
1153,0.3722222222222222,0.2
1154,-0.4,-0.2
1155,0.0,0.0
1156,0.25,0.0
1157,0.2083333333333333,0.0
1158,0.0,0.0
1159,0.0,0.2
1160,0.0,0.2
1161,0.0,0.0
1162,0.0,0.2
1163,0.0,-0.2
1164,0.0,-0.2
1165,0.0,0.2
1166,0.0,0.0
1167,0.2,0.0
1168,0.0,0.0
1169,0.0,0.2
1170,0.0,0.0
1171,-0.0151515151515151,0.0
1172,0.0,-0.2
1173,0.0,0.2
1174,-0.1666666666666666,-0.2
1175,0.0,-0.2
1176,0.0,0.0
1177,-0.1666666666666666,0.2
1178,0.0,0.0
1179,0.0,0.0
1180,0.0,0.0
1181,0.1071428571428571,0.0
1182,0.6,0.0
1183,-0.1666666666666666,-0.2
1184,0.0,-0.2
1185,0.0,-0.2
1186,0.0,-0.2
1187,0.0,-0.2
1188,0.0,-0.2
1189,0.0,-0.2
1190,0.0,0.0
1191,0.0,0.0
1192,0.0,-0.4
1193,0.0,0.2
1194,0.0,0.0
1195,0.0,0.0
1196,-0.125,0.2
1197,0.05,0.0
1198,0.0,0.0
1199,0.0,-0.2
1200,0.0,0.0
1201,0.0,0.0
1202,0.0,-0.2
1203,0.0,0.0
1204,0.0,-0.2
1205,0.0,-0.2
1206,0.0,-0.2
1207,0.8,0.4
1208,-0.1666666666666666,-0.2
1209,0.0,0.0
1210,0.0,0.0
1211,0.2,0.0
1212,0.0,-0.2
1213,-0.1666666666666666,-0.2
1214,0.0,-0.2
1215,0.0,0.0
1216,0.0,-0.4
1217,0.0,0.2
1218,0.0,0.0
1219,-0.8,-0.4
1220,0.0,0.2
1221,0.0,0.2
1222,0.0,-0.2
1223,0.0,0.0
1224,0.25,0.2
1225,0.0,0.0
1226,0.1666666666666666,0.0
1227,0.6,-0.2
1228,-0.1,-0.4
1229,0.0,-0.4
1230,0.0,0.0
1231,0.0,-0.4
1232,0.0,-0.4
1233,0.0,0.0
1234,0.0,0.0
1235,0.0,-0.2
1236,-0.3333333333333333,-0.4
1237,0.1,-0.2
1238,0.0,-0.2
1239,0.35,0.4
1240,-0.0101010101010101,0.0
1241,0.1363636363636363,-0.2
1242,0.0,0.0
1243,0.0,-0.4
1244,0.0,0.0
1245,0.0,-0.2
1246,0.7,0.4
1247,0.0681818181818181,0.0
1248,-0.1,-0.4
1249,0.0,0.0
1250,0.0072727272727272,-0.2
1251,0.1363636363636363,0.2
1252,0.1363636363636363,0.0
1253,0.0,-0.2
1254,0.0,0.2
1255,-0.8,0.0
1256,0.0,-0.2
1257,0.3571428571428571,-0.2
1258,0.0681818181818181,-0.4
1259,0.0,0.4
1260,0.0681818181818181,0.0
1261,-0.4,-0.2
1262,0.0,-0.4
1263,0.0,0.0
1264,-0.1,-0.2
1265,0.0681818181818181,0.0
1266,0.0,0.0
1267,0.0,-0.2
1268,0.25,0.2
1269,0.0,-0.2
1270,0.0,0.0
1271,0.0,0.0
1272,0.0,0.0
1273,0.1,0.0
1274,-0.0575757575757575,-0.2
1275,-0.0666666666666666,0.0
1276,0.3,0.0
1277,0.0,0.0
1278,0.3,-0.2
1279,-0.0714285714285714,-0.2
1280,0.0,0.0
1281,-0.2071428571428571,-0.2
1282,-0.1125,-0.2
1283,0.0,0.0
1284,0.1,-0.2
1285,0.0,-0.2
1286,-1.0,-0.2
1287,0.4,0.0
1288,0.0,0.0
1289,0.1666666666666666,0.0
1290,0.0,-0.2
1291,-0.1333333333333333,0.0
1292,0.0,0.0
1293,0.0,0.0
1294,0.0,-0.6
1295,0.0,-0.2
1296,0.25,0.0
1297,0.1952380952380952,0.0
1298,-0.2083333333333333,-0.4
1299,0.0333333333333333,-0.2
1300,-0.5666666666666668,-0.4
1301,0.0,0.0
1302,0.3333333333333333,0.0
1303,0.0,0.0
1304,-0.6,-0.6
1305,0.0,0.0
1306,-0.75,-0.2
1307,0.0,0.0
1308,0.2585714285714285,0.0
1309,-0.125,-0.2
1310,0.0,-0.2
1311,0.0,-0.2
1312,-0.0999999999999999,0.0
1313,0.0,0.2
1314,0.5,0.2
1315,0.4,-0.2
1316,0.0,0.0
1317,-0.1,-0.2
1318,0.0,0.0
1319,-0.05,-0.2
1320,0.15,-0.4
1321,0.0,-0.2
1322,-0.2071428571428571,-0.2
1323,0.0,0.0
1324,-0.2916666666666667,-0.2
1325,-0.15,-0.4
1326,-0.1,-0.4
1327,0.16,0.0
1328,0.1,-0.4
1329,0.1,0.4
1330,0.0,0.0
1331,0.0,0.0
1332,0.2681818181818182,0.0
1333,0.0,0.0
1334,0.5,0.0
1335,-0.1,-0.2
1336,0.0,-0.2
1337,0.0,0.0
1338,0.0,0.2
1339,0.0,-0.2
1340,0.0,0.0
1341,0.0999999999999999,0.2
1342,0.0,0.0
1343,0.0,-0.2
1344,0.0,0.2
1345,-0.2,-0.4
1346,0.0,0.2
1347,0.0,0.0
1348,0.35,0.2
1349,-0.2534090909090909,0.0
1350,0.0,-0.2
1351,0.5,0.4
1352,0.1666666666666666,-0.2
1353,0.1363636363636363,0.0
1354,-0.0555555555555555,-0.2
1355,0.0,0.0
1356,-0.15,-0.4
1357,-0.2583333333333333,-0.2
1358,0.0,-0.2
1359,0.0,0.0
1360,0.1999999999999999,0.2
1361,-0.4,-0.2
1362,0.0,-0.2
1363,-0.075,0.0
1364,-0.0166666666666666,-0.2
1365,0.0,-0.2
1366,0.1,-0.4
1367,-0.15,-0.2
1368,-0.1,-0.2
1369,0.0,0.0
1370,-0.0625,0.0
1371,0.3571428571428571,-0.2
1372,0.0,-0.2
1373,0.0,0.0
1374,0.9,0.0
1375,0.0,0.2
1376,0.075,0.0
1377,0.3571428571428571,0.0
1378,0.3333333333333333,0.4
1379,0.1,0.0
1380,0.3999999999999999,0.8
1381,0.0,0.0
1382,0.1952380952380952,0.0
1383,0.0,-0.6
1384,0.0,-0.2
1385,0.0,-0.4
1386,0.0,0.0
1387,-0.05,-0.4
1388,0.5,0.2
1389,0.1952380952380952,0.0
1390,0.0,0.2
1391,0.8,0.4
1392,0.4,0.2
1393,0.8,0.0
1394,-0.1333333333333333,-0.2
1395,-0.125,0.2
1396,-0.1,-0.2
1397,-0.15,-0.4
1398,0.9,0.0
1399,0.25,0.0
1400,0.1,-0.4
1401,0.0333333333333333,-0.2
1402,0.0,0.2
1403,0.1,0.2
1404,0.0,0.0
1405,0.0,0.0
1406,0.1,0.0
1407,0.0,-0.2
1408,0.0,-0.6
1409,0.0,-0.2
1410,0.16,0.0
1411,0.0,0.0
1412,-0.1333333333333333,0.0
1413,0.0,0.0
1414,0.2,0.0
1415,-0.075,0.0
1416,-0.1,-0.4
1417,0.0,0.0
1418,-0.05,-0.4
1419,0.1,-0.2
1420,0.25,0.0
1421,0.0,0.0
1422,0.0,-0.2
1423,-0.625,-0.2
1424,0.0,0.0
1425,0.0,0.0
1426,-0.05,-0.2
1427,0.0499999999999999,0.2
1428,-0.0318181818181818,-0.4
1429,0.0,-0.2
1430,0.0,0.0
1431,0.0,0.0
1432,-0.3,-0.8
1433,-0.15,-0.4
1434,0.0,0.0
1435,0.0,0.2
1436,-0.1,-0.4
1437,0.9,0.0
1438,0.0,0.0
1439,0.0,-0.2
1440,0.0,-0.4
1441,0.2,0.2
1442,0.25,0.0
1443,-0.2111111111111111,-0.2
1444,-0.2,-0.2
1445,0.0,0.0
1446,0.5,-0.2
1447,0.25,0.4
1448,0.1,-0.4
1449,0.0,0.2
1450,0.0,-0.2
1451,-0.0714285714285714,-0.2
1452,-0.0833333333333333,-0.2
1453,0.2,-0.2
1454,0.0,0.0
1455,0.0,0.4
1456,-0.05,-0.2
1457,-0.1333333333333333,0.0
1458,-0.05,-0.4
1459,0.0,0.2
1460,0.4,0.0
1461,0.0,0.2
1462,0.0,0.0
1463,0.4,0.0
1464,-0.1,-0.2
1465,0.0,0.0
1466,0.625,0.2
1467,-0.1,-0.2
1468,0.0,0.0
1469,-0.05,-0.4
1470,0.1363636363636363,0.0
1471,0.0,-0.2
1472,-0.2,0.0
1473,0.0,-0.2
1474,0.0,0.0
1475,-0.3,-0.2
1476,0.0,-0.2
1477,0.0,0.0
1478,-0.1,-0.2
1479,0.0,0.0
1480,-0.0714285714285714,-0.2
1481,0.0,-0.4
1482,0.15,0.0
1483,0.0,0.2
1484,-0.1666666666666666,0.0
1485,0.0,-0.2
1486,-0.1,-0.4
1487,-0.0249999999999999,-0.6
1488,-0.2,0.0
1489,-0.0666666666666666,-0.4
1490,0.0,0.2
1491,0.0,0.0
1492,0.0,0.2
1493,-0.1,-0.2
1494,0.1363636363636363,0.2
1495,0.0,0.0
1496,0.0681818181818181,-0.4
1497,0.0121212121212121,0.0
1498,-0.0666666666666666,-0.4
1499,0.85,0.0
1500,-0.1,-0.4
1501,0.0,0.2
1502,-0.2,0.0
1503,0.0,-0.2
1504,0.0,-0.2
1505,-0.1,-0.2
1506,0.05,0.2
1507,0.0,0.2
1508,0.0,0.0
1509,0.2,0.0
1510,0.0,0.0
1511,-0.05,0.0
1512,0.0,0.0
1513,0.0,0.2
1514,0.0,0.0
1515,0.5,0.2
1516,0.3571428571428571,-0.4
1517,0.1,-0.2
1518,0.0,-0.2
1519,0.0,0.4
1520,0.1333333333333333,0.2
1521,0.0166666666666666,-0.2
1522,0.15,0.0
1523,-0.0714285714285714,-0.2
1524,0.0,0.0
1525,0.0,0.0
1526,0.0,-0.2
1527,0.0,-0.4
1528,0.0,-0.2
1529,0.4,0.4
1530,0.375,0.0
1531,0.25,0.0
1532,0.05,-0.2
1533,0.5,-0.2
1534,0.15,0.0
1535,0.0,-0.4
1536,0.0,0.0
1537,0.0,0.2
1538,0.0,0.0
1539,0.16,0.0
1540,0.0,-0.2
1541,0.3571428571428571,-0.4
1542,-0.1666666666666666,0.0
1543,0.0,0.2
1544,0.0,-0.2
1545,0.0,0.0
1546,0.0,-0.2
1547,0.0,-0.2
1548,0.0,-0.2
1549,0.0,0.0
1550,0.0,0.0
1551,0.0,0.2
1552,0.0,0.0
1553,0.0,0.0
1554,0.75,0.2
1555,0.0,-0.2
1556,0.0,0.0
1557,-0.1666666666666666,0.0
1558,0.0,0.0
1559,0.1,-0.2
1560,0.0,0.4
1561,-0.3,-0.4
1562,0.0,0.0
1563,0.0,0.0
1564,-0.5,-0.2
1565,0.0,0.0
1566,0.05,0.2
1567,-1.0,-0.6
1568,-0.2,-0.2
1569,-0.5,0.2
1570,0.2375,0.0
1571,0.0,0.2
1572,0.0,0.0
1573,0.0,0.0
1574,0.0333333333333333,0.0
1575,-0.2,0.0
1576,0.0,0.0
1577,0.1166666666666666,-0.6
1578,0.0,-0.4
1579,0.0,0.0
1580,0.0,0.0
1581,-0.025,0.0
1582,0.0,0.0
1583,0.0,-0.2
1584,-0.4,-0.2
1585,0.0,0.0
1586,0.0,-0.2
1587,0.3333333333333333,0.0
1588,0.1,0.0
1589,0.0,-0.2
1590,0.0625,-0.2
1591,0.15,0.0
1592,0.0,0.0
1593,0.0,-0.2
1594,-0.325,-0.2
1595,0.0375,0.0
1596,0.3571428571428571,-0.4
1597,0.0,0.0
1598,0.0,0.0
1599,-0.0458333333333333,0.0
1600,0.0,0.0
1601,0.5,0.0
1602,0.0,0.0
1603,0.2375,-0.2
1604,-0.1666666666666666,0.0
1605,0.0,0.0
1606,0.0,0.2
1607,0.0,0.0
1608,0.85,0.0
1609,0.4,0.0
1610,0.3333333333333333,0.0
1611,0.375,0.0
1612,0.1,-0.2
1613,0.0,0.0
1614,-0.1071428571428571,-0.4
1615,0.1363636363636363,0.0
1616,-0.1,0.0
1617,-0.1,0.0
1618,0.0,0.4
1619,0.3571428571428571,-0.4
1620,0.2,0.2
1621,0.0,0.0
1622,0.2,-0.2
1623,0.0,0.2
1624,0.0,-0.4
1625,-0.2,-0.2
1626,0.1565656565656565,0.2
1627,1.0,-0.6
1628,0.0,-0.2
1629,0.15,0.0
1630,0.0931818181818181,0.2
1631,0.3571428571428571,0.0
1632,0.5,0.2
1633,0.25,0.0
1634,-0.05,0.0
1635,0.0,0.0
1636,0.0,0.2
1637,0.0,0.0
1638,0.0,-0.2
1639,0.25,0.4
1640,0.0,0.0
1641,0.1363636363636363,0.0
1642,-0.8,-0.6
1643,0.3571428571428571,-0.2
1644,0.0,0.0
1645,0.25,0.2
1646,0.0,0.0
1647,0.0,0.0
1648,0.1,-0.2
1649,0.0,0.0
1650,-0.0833333333333333,-0.2
1651,0.0,-0.2
1652,0.0,0.0
1653,0.0,-0.2
1654,0.375,0.0
1655,0.375,0.2
1656,0.0,0.0
1657,0.0,-0.2
1658,0.0,0.2
1659,0.0,0.0
1660,0.0,0.0
1661,0.0,-0.4
1662,0.3571428571428571,-0.2
1663,0.0,0.0
1664,0.5,0.0
1665,0.0,0.2
1666,0.0,-0.2
1667,0.0,0.0
1668,0.3,0.2
1669,0.0,-0.4
1670,-0.0625,-0.2
1671,0.0,0.2
1672,0.375,0.2
1673,0.05,0.0
1674,0.5,0.0
1675,0.0,0.0
1676,0.0,0.0
1677,0.0,0.0
1678,0.0,0.2
1679,0.0,0.0
1680,0.0,0.2
1681,0.4,0.0
1682,0.0,0.0
1683,0.0121212121212121,0.0
1684,0.0666666666666666,0.0
1685,0.0,-0.2
1686,0.7,0.2
1687,0.0,-0.6
1688,0.5,0.2
1689,0.1333333333333333,-0.2
1690,0.1999999999999999,0.0
1691,0.0,0.6
1692,-0.0238095238095238,0.0
1693,0.1,-0.4
1694,0.3,0.0
1695,-0.3,-0.4
1696,-0.0833333333333333,0.0
1697,0.15,0.0
1698,0.125,0.0
1699,-0.125,0.0
1700,0.0,-0.2
1701,0.05,-0.2
1702,0.0,-0.6
1703,0.375,-0.4
1704,0.0,-0.2
1705,0.0,-0.2
1706,0.0,0.2
1707,0.0,0.0
1708,0.0,-0.2
1709,0.0,-0.2
1710,0.4,-0.2
1711,0.0,0.0
1712,0.0,-0.2
1713,0.0625,0.0
1714,0.0,-0.2
1715,0.0,0.2
1716,0.0,-0.2
1717,0.5,-0.2
1718,0.0,-0.4
1719,-0.125,0.0
1720,-0.1,-0.4
1721,0.0333333333333333,0.0
1722,0.5,-0.2
1723,0.0,0.0
1724,0.3,0.2
1725,-0.0625,-0.2
1726,0.0,0.2
1727,0.0999999999999999,-0.4
1728,0.0,-0.2
1729,0.0,0.0
1730,0.4,0.0
1731,0.0,0.0
1732,0.3571428571428571,0.0
1733,-0.2,0.0
1734,0.0,0.0
1735,0.0,0.0
1736,0.2556818181818182,0.2
1737,0.0,0.2
1738,0.5,0.0
1739,-0.0333333333333333,0.0
1740,0.5,0.2
1741,0.0,0.0
1742,0.125,-0.4
1743,0.0,0.0
1744,0.15,0.0
1745,0.4,-0.2
1746,0.0,0.0
1747,0.05,-0.2
1748,0.05,0.2
1749,0.8,0.2
1750,-0.0833333333333333,-0.2
1751,0.0681818181818181,-0.2
1752,0.5,-0.2
1753,0.2,0.0
1754,-0.1,-0.2
1755,0.0,0.0
1756,0.0,0.0
1757,0.3571428571428571,-0.4
1758,0.4,0.0
1759,0.2,-0.2
1760,-0.1318181818181818,0.0
1761,-0.2,-0.4
1762,-0.1,0.0
1763,0.0,0.0
1764,0.0,0.0
1765,0.0,0.0
1766,-0.025,0.2
1767,0.3571428571428571,-0.2
1768,0.0,-0.2
1769,0.0,-0.2
1770,-1.0,0.0
1771,0.25,-0.2
1772,0.0121212121212121,0.0
1773,0.3571428571428571,-0.4
1774,0.0,-0.2
1775,0.0,0.0
1776,0.0,-0.4
1777,0.0,0.0
1778,0.0,0.0
1779,-0.2,-0.2
1780,0.1363636363636363,0.0
1781,0.3571428571428571,-0.4
1782,0.0,0.0
1783,0.0,0.0
1784,0.0,0.0
1785,0.0,0.0
1786,0.0,0.2
1787,-0.1,-0.2
1788,-0.0216666666666666,0.2
1789,0.0,-0.2
1790,0.375,-0.4
1791,0.5,-0.2
1792,-0.05,-0.2
1793,-0.15,0.0
1794,-0.0714285714285714,-0.4
1795,0.25,0.0
1796,0.0,-0.2
1797,0.0,0.2
1798,-0.15,-0.2
1799,0.7,0.2
1800,0.0,-0.2
1801,-0.15,-0.4
1802,0.0,0.0
1803,0.4,0.0
1804,-0.1,-0.2
1805,0.0,-0.2
1806,-0.4,-0.2
1807,0.0,0.0
1808,-0.1,0.0
1809,0.0,-0.2
1810,0.15,0.0
1811,0.0,0.0
1812,0.1,-0.2
1813,0.0,-0.2
1814,0.4166666666666667,0.6
1815,-0.2,-0.4
1816,-0.1318181818181818,0.0
1817,0.0,-0.2
1818,0.4,0.0
1819,0.3,-0.2
1820,0.0,-0.2
1821,0.0,0.0
1822,0.5,0.2
1823,0.0,-0.2
1824,0.0,-0.2
1825,0.0,0.0
1826,0.7,0.4
1827,0.1363636363636363,0.0
1828,0.625,0.2
1829,0.05,0.0
1830,0.5,-0.2
1831,0.0,0.0
1832,1.0,0.0
1833,0.0,0.2
1834,0.0,0.0
1835,0.1875,0.0
1836,0.0,-0.2
1837,0.0,-0.2
1838,0.0,0.0
1839,0.1363636363636363,0.0
1840,0.1363636363636363,0.0
1841,-0.2,-0.2
1842,-0.05,-0.2
1843,0.0,0.2
1844,0.0,-0.2
1845,-0.2,-0.4
1846,0.0,0.0
1847,0.0,0.2
1848,0.0,-0.2
1849,0.0,0.2
1850,0.0,-0.2
1851,-0.15,-0.4
1852,0.0,0.0
1853,0.0,0.0
1854,-0.0833333333333333,0.0
1855,0.0,-0.2
1856,-0.125,0.0
1857,0.1666666666666666,0.0
1858,0.0,-0.2
1859,0.0,0.2
1860,0.4,0.0
1861,-0.0333333333333333,0.0
1862,0.25,0.0
1863,0.0,0.0
1864,0.0,-0.2
1865,-0.6999999999999998,-0.2
1866,0.075,0.0
1867,0.0,0.0
1868,0.5,0.2
1869,0.4181818181818181,0.4
1870,0.5,0.2
1871,0.0,0.0
1872,-0.4,-0.2
1873,0.0246212121212121,0.0
1874,0.1,-0.2
1875,0.2,0.4
1876,0.4,-0.4
1877,0.0,-0.2
1878,0.0,0.0
1879,0.0,-0.2
1880,0.0625,0.0
1881,0.0,-0.2
1882,0.0,-0.2
1883,0.0954545454545454,0.0
1884,0.4,0.0
1885,-0.1318181818181818,0.0
1886,-0.1666666666666666,0.0
1887,0.0,0.0
1888,0.0,0.0
1889,0.0,-0.2
1890,-0.1875,-0.4
1891,0.15,0.0
1892,0.3,-0.2
1893,0.3571428571428571,-0.2
1894,-0.5,-0.2
1895,-0.1125,-0.2
1896,0.0,-0.2
1897,0.0,0.0
1898,0.0,-0.2
1899,-0.1666666666666666,-0.2
1900,-0.2,0.0
1901,0.5,0.2
1902,0.0,0.0
1903,0.0,-0.2
1904,0.4166666666666666,0.4
1905,0.15,0.2
1906,-0.5,-0.4
1907,0.095,0.4
1908,0.0,0.0
1909,-0.1666666666666666,-0.2
1910,0.0,0.2
1911,0.15,0.0
1912,0.0,0.0
1913,0.0,0.0
1914,0.0,0.2
1915,0.4,0.2
1916,0.05,0.0
1917,0.1287878787878787,0.2
1918,-0.2,-0.4
1919,0.0,0.0
1920,0.0166666666666666,0.0
1921,0.0,0.0
1922,0.0,-0.2
1923,0.0,0.0
1924,0.1666666666666666,0.0
1925,0.0,-0.2
1926,0.05,-0.2
1927,-0.125,-0.4
1928,0.0,-0.2
1929,0.0,0.0
1930,0.0,-0.2
1931,-0.125,0.0
1932,0.2,0.4
1933,0.3181818181818182,0.0
1934,0.0,0.0
1935,0.0,0.0
1936,0.0,0.0
1937,0.1,0.2
1938,0.55,0.2
1939,-0.4,0.0
1940,0.0,0.2
1941,0.2,0.0
1942,0.0,-0.4
1943,-0.3,-0.4
1944,-0.1666666666666666,-0.2
1945,0.0,0.0
1946,-0.1,0.0
1947,0.0,0.0
1948,0.05,0.0
1949,0.4,0.4
1950,-0.1666666666666666,0.0
1951,0.2,0.2
1952,0.0,0.0
1953,0.0,0.2
1954,0.5,0.0
1955,0.0,0.0
1956,0.05,-0.2
1957,-0.0212121212121212,-0.6
1958,0.0,0.0
1959,-0.2,-0.2
1960,0.0,0.0
1961,-0.4,0.2
1962,0.0,0.0
1963,0.0,0.2
1964,0.0,0.0
1965,0.0,0.0
1966,0.0,0.0
1967,0.0,0.0
1968,-0.15,-0.2
1969,0.0,-0.2
1970,-0.3,-0.4
1971,-0.8,-0.4
1972,0.0,0.2
1973,0.1363636363636363,0.0
1974,0.0,-0.2
1975,-0.1,0.0
1976,0.1363636363636363,0.0
1977,-0.15,0.0
1978,0.0,0.0
1979,-0.2,0.2
1980,0.3571428571428571,-0.2
1981,0.0,0.0
1982,0.0,-0.2
1983,-0.0333333333333333,-0.2
1984,0.4,0.0
1985,0.0,0.0
1986,-0.2,0.0
1987,0.0787878787878787,-0.2
1988,0.0181818181818181,0.0
1989,0.1287878787878787,0.2
1990,0.0,0.0
1991,0.5,0.2
1992,0.0666666666666666,-0.2
1993,-0.2916666666666667,-0.2
1994,0.0,0.0
1995,-0.1,-0.2
1996,-0.3,-0.2
1997,-0.1666666666666666,-0.2
1998,0.0,0.4
1999,0.1,-0.2
2000,0.0,0.0
2001,0.0,0.0
2002,0.75,0.2
2003,0.0,-0.4
2004,-0.2878787878787879,-0.4
2005,-1.0,-0.6
2006,-0.2916666666666667,0.0
2007,0.0681818181818181,0.0
2008,0.0,-0.4
2009,0.3181818181818182,0.0
2010,0.0,0.0
2011,0.0,0.2
2012,-0.0125,0.0
2013,0.3571428571428571,-0.2
2014,0.0,0.0
2015,0.0,-0.2
2016,0.1363636363636363,0.0
2017,0.1166666666666666,0.0
2018,-0.2,0.0
2019,0.0,0.0
2020,0.0,-0.2
2021,0.0,0.0
2022,0.6,0.0
2023,0.0,0.0
2024,-0.1,0.0
2025,0.0662878787878787,0.0
2026,0.1363636363636363,0.0
2027,-0.2,0.0
2028,0.0,0.0
2029,0.0,0.0
2030,0.0,-0.2
2031,0.4,0.4
2032,-0.5,-0.2
2033,0.0,0.0
2034,0.0,0.0
2035,0.0,0.0
2036,-0.15,-0.2
2037,-0.1,-0.4
2038,-0.8,-0.4
2039,0.0,0.0
2040,0.0,0.0
2041,-0.3,-0.2
2042,0.5,0.2
2043,-0.9,0.0
2044,0.4166666666666667,0.2
2045,-0.2,0.2
2046,0.1363636363636363,0.0
2047,0.0,0.0
2048,0.0,0.0
2049,0.0,0.0
2050,0.0,0.4
2051,0.0,-0.2
2052,0.0166666666666666,0.0
2053,-0.2166666666666666,0.0
2054,0.0,-0.2
2055,0.0,0.0
2056,0.0,0.0
2057,0.0,0.0
2058,0.1875,0.0
2059,0.0,-0.2
2060,0.0,0.0
2061,0.0,0.0
2062,0.0,0.0
2063,0.1,-0.2
2064,0.0,0.2
2065,0.0,0.2
2066,0.375,-0.2
2067,-0.2,-0.2
2068,0.0,0.0
2069,0.45,0.0
2070,0.0,0.0
2071,-0.05,0.0
2072,0.0,0.0
2073,0.0,0.0
2074,-0.8,-0.2
2075,0.0,0.2
2076,0.0,0.0
2077,0.0,0.0
2078,-0.1,-0.4
2079,-0.2,0.0
2080,-0.05,0.0
2081,-0.1,0.0
2082,0.0,0.0
2083,0.0,0.0
2084,-0.9,0.0
2085,0.0,0.2
2086,0.0,0.0
2087,0.0,-0.2
2088,0.025,0.0
2089,0.25,-0.2
2090,0.1363636363636363,0.0
2091,0.0333333333333333,0.0
2092,0.0,0.2
2093,0.8,0.2
2094,0.0,0.0
2095,0.25,0.4
2096,-0.0999999999999999,0.0
2097,0.0,0.0
2098,0.0,0.0
2099,0.0,0.4
2100,0.05,0.2
2101,0.0333333333333333,0.0
2102,0.1363636363636363,0.0
2103,0.0,-0.4
2104,0.0,0.0
2105,0.0,0.0
2106,0.3181818181818182,0.2
2107,0.0,0.0
2108,0.0,0.2
2109,0.0333333333333333,0.2
2110,0.0,-0.2
2111,0.15,0.2
2112,0.0681818181818181,-0.2
2113,0.5,0.0
2114,0.0,-0.2
2115,0.0,0.0
2116,0.3571428571428571,-0.2
2117,0.3571428571428571,-0.2
2118,0.0454545454545454,0.0
2119,-0.4,0.0
2120,-0.05,-0.4
2121,0.0166666666666666,0.0
2122,-0.075,-0.2
2123,-1.0,-0.4
2124,0.0,0.0
2125,0.5,0.0
2126,0.0,0.0
2127,0.0,-0.2
2128,0.0,0.0
2129,0.0,0.2
2130,0.1666666666666666,0.0
2131,0.0,0.0
2132,0.0,0.0
2133,0.0,0.0
2134,-0.1,0.0
2135,0.0,0.2
2136,0.2916666666666667,-0.6
2137,0.0,0.0
2138,-0.0833333333333333,-0.2
2139,0.0,0.0
2140,0.0,0.0
2141,-0.05,0.4
2142,0.0,-0.2
2143,0.0,-0.4
2144,-0.25,-0.2
2145,0.0,0.0
2146,0.1,0.0
2147,0.0,-0.2
2148,0.1666666666666666,0.0
2149,-0.4,-0.6
2150,0.0,-0.2
2151,0.0454545454545454,0.0
2152,-0.0428571428571428,-0.2
2153,0.0,-0.2
2154,-0.0625,0.0
2155,0.3181818181818182,0.2
2156,0.5,0.4
2157,0.0333333333333333,0.0
2158,0.0,-0.2
2159,0.0,-0.4
2160,0.0,0.2
2161,0.0681818181818181,-0.2
2162,-0.1,0.0
2163,0.05,0.2
2164,0.1,0.0
2165,0.0,0.0
2166,0.0,0.0
2167,0.0,0.0
2168,-0.05,0.4
2169,-0.25,-0.2
2170,0.0,0.0
2171,-0.2,-0.4
2172,0.0,0.0
2173,0.1666666666666666,0.0
2174,0.0,0.0
2175,0.0,0.0
2176,0.2916666666666667,-0.6
2177,0.0,0.0
2178,-0.0333333333333333,0.2
2179,0.0,0.0
2180,0.375,-0.2
2181,-0.2,-0.4
2182,0.0,0.0
2183,0.0,0.0
2184,0.0,0.0
2185,0.0,-0.4
2186,-0.9,-0.4
2187,0.35,0.4
2188,-0.0833333333333333,0.0
2189,0.0,0.0
2190,0.0,0.2
2191,0.0,-0.2
2192,0.0,0.0
2193,0.6,-0.2
2194,0.0,0.0
2195,0.0625,-0.2
2196,0.0,-0.4
2197,0.0,-0.2
2198,-0.05,-0.2
2199,0.0,0.0
2200,0.2499999999999999,0.0
2201,0.0,-0.4
2202,0.0,0.0
2203,0.0,-0.2
2204,-0.0055555555555555,0.0
2205,0.0,0.4
2206,0.5,0.4
2207,0.0333333333333333,0.0
2208,-0.0833333333333333,-0.4
2209,-0.2,0.0
2210,0.0,-0.2
2211,0.8,0.2
2212,-0.1,-0.2
2213,-0.5,-0.2
2214,0.1777777777777777,0.0
2215,-0.1,0.0
2216,0.0,-0.2
2217,0.3181818181818182,0.2
2218,0.3,0.2
2219,0.0,0.0
2220,0.0,-0.2
2221,0.3333333333333333,0.2
2222,0.0,0.0
2223,0.1363636363636363,0.0
2224,0.2916666666666667,0.0
2225,0.0,0.2
2226,0.8,0.2
2227,0.0,0.2
2228,0.0,-0.2
2229,0.0,0.0
2230,-0.5,0.0
2231,0.0,0.0
2232,0.375,-0.2
2233,-0.05,-0.2
2234,0.4333333333333333,0.4
2235,0.05,0.0
2236,0.0,0.0
2237,0.0,0.4
2238,0.0,0.0
2239,-0.0055555555555555,0.0
2240,0.1,0.0
2241,0.0,0.2
2242,0.0,-0.2
2243,0.0,0.0
2244,0.0,-0.4
2245,0.0,-0.4
2246,0.0,-0.4
2247,0.0,-0.4
2248,0.0,-0.2
2249,-0.05,-0.2
2250,0.1833333333333333,0.0
2251,0.0,0.0
2252,0.3666666666666667,0.2
2253,-0.5,0.0
2254,0.0,0.0
2255,0.0,-0.2
2256,-0.2,0.0
2257,0.0,-0.2
2258,-0.1,0.0
2259,0.0,0.8
2260,0.0,0.2
2261,0.4333333333333333,0.4
2262,0.0,-0.2
2263,0.0,-0.2
2264,0.0,-0.6
2265,0.05,0.0
2266,-0.3,-0.2
2267,0.1,0.0
2268,0.0,-0.2
2269,0.0,-0.4
2270,0.0,-0.2
2271,-0.0333333333333333,0.2
2272,0.0,0.0
2273,0.0,0.0
2274,0.375,-0.2
2275,0.0,-0.2
2276,0.0,0.0
2277,0.0,0.2
2278,0.1363636363636363,0.0
2279,0.0,0.4
2280,0.1,-0.4
2281,0.6,0.2
2282,0.0333333333333333,0.0
2283,0.1777777777777777,0.0
2284,0.0,-0.2
2285,0.0,-0.4
2286,-0.0055555555555555,0.0
2287,0.0999999999999999,-0.6
2288,0.0,0.0
2289,0.0,0.0
2290,0.45,0.2
2291,0.0,0.2
2292,-0.2,-0.6
2293,0.0,0.0
2294,0.1,0.0
2295,0.0,0.0
2296,0.0625,-0.2
2297,-0.0125,-0.2
2298,0.0,-0.2
2299,0.1,-0.2
2300,0.6,0.2
2301,0.0,-0.4
2302,0.0,-0.2
2303,0.0,-0.2
2304,-0.1,-0.2
2305,-0.1,0.2
2306,0.4333333333333333,0.4
2307,0.5,-0.2
2308,0.0,-0.2
2309,0.0,0.4
2310,-0.1,0.0
2311,0.0333333333333333,0.0
2312,0.3333333333333333,-0.2
2313,0.0,-0.2
2314,0.0,0.2
2315,0.0,-0.6
2316,0.0,-0.2
2317,0.4,0.2
2318,0.3041666666666666,0.4
2319,0.1,-0.2
2320,0.0,-0.4
2321,0.0,0.0
2322,0.1166666666666666,-0.6
2323,0.0,0.0
2324,0.0,0.0
2325,0.3,0.0
2326,-0.3333333333333333,-0.6
2327,0.0333333333333333,0.0
2328,0.4333333333333333,0.4
2329,0.1166666666666666,-0.6
2330,-0.2,-0.4
2331,0.0,0.4
2332,0.0,0.0
2333,0.0,-0.2
2334,0.0,-0.4
2335,0.0,-0.2
2336,0.1,-0.2
2337,0.1,0.0
2338,0.0,-0.2
2339,-0.0055555555555555,0.0
2340,-0.0125,0.2
2341,-0.4,0.0
2342,-0.0555555555555555,0.2
2343,0.0,-0.2
2344,0.0,-0.2
2345,-0.1666666666666666,0.2
2346,-0.0575757575757575,0.0
2347,-0.2,-0.2
2348,-0.15,-0.4
2349,0.2,0.0
2350,-0.0989898989898989,0.0
2351,0.0,-0.4
2352,-0.3378787878787879,-0.4
2353,-0.4,0.2
2354,-0.2,-0.6
2355,0.25,-0.2
2356,0.1875,0.2
2357,0.85,-0.2
2358,0.1287878787878787,0.0
2359,-0.2,-0.4
2360,-0.0767676767676767,0.0
2361,0.0,0.2
2362,0.0,-0.2
2363,0.0681818181818181,-0.2
2364,0.0,0.0
2365,-0.1,-0.2
2366,0.3571428571428571,0.0
2367,0.5,-0.2
2368,-0.0212121212121212,-0.2
2369,-0.4,0.2
2370,-0.2,-0.6
2371,-0.2,0.0
2372,0.0176767676767676,0.0
2373,0.0,-0.2
2374,0.2,-0.4
2375,0.0,0.0
2376,0.1,0.0
2377,0.0,-0.2
2378,0.3571428571428571,-0.2
2379,0.0,-0.4
2380,0.0,0.0
2381,-0.05,0.2
2382,0.0,0.0
2383,0.1363636363636363,-0.6
2384,0.6,0.2
2385,0.5,-0.2
2386,0.0,0.0
2387,0.5,0.0
2388,0.0,0.0
2389,-0.1,-0.4
2390,-0.15,-0.2
2391,0.1363636363636363,-0.2
2392,0.0,-0.4
2393,0.0,0.2
2394,0.0,-0.2
2395,0.0,-0.4
2396,0.0,0.2
2397,0.25,0.0
2398,0.0931818181818181,0.0
2399,0.3571428571428571,0.0
2400,-0.2,-0.6
2401,0.3333333333333333,-0.2
2402,0.25,0.2
2403,-0.3333333333333333,-0.6
2404,0.0931818181818181,0.0
2405,0.2666666666666666,0.2
2406,-0.1,0.0
2407,0.0,-0.4
2408,0.0,0.0
2409,0.0,0.0
2410,0.0,0.0
2411,0.0,0.0
2412,0.0681818181818181,0.0
2413,0.0,-0.2
2414,0.0,-0.2
2415,-0.1458333333333333,-0.2
2416,0.0333333333333333,0.0
2417,0.85,-0.2
2418,0.0,0.0
2419,0.1,0.0
2420,0.0999999999999999,0.0
2421,-0.3,0.2
2422,0.0,0.0
2423,0.0,-0.6
2424,-0.05,-0.2
2425,-1.0,-1.0
2426,-0.0125,-0.2
2427,-0.1,0.0
2428,0.4333333333333333,0.4
2429,0.0,0.2
2430,0.0,-0.2
2431,-0.05,-0.2
2432,0.05,0.0
2433,-0.0212121212121212,-0.2
2434,0.0,0.2
2435,0.0,0.2
2436,-0.1666666666666666,0.2
2437,0.0,0.0
2438,-0.0666666666666666,0.0
2439,0.6,0.0
2440,0.0,-0.6
2441,0.0681818181818181,-0.2
2442,0.0,-0.2
2443,0.0,-0.2
2444,-0.1,-0.4
2445,0.0,0.0
2446,0.1363636363636363,0.2
2447,0.0,0.0
2448,-0.2,-0.4
2449,0.25,0.2
2450,0.0,0.0
2451,0.0,-0.2
2452,0.3,0.0
2453,0.5,0.4
2454,0.5,0.2
2455,0.1777777777777777,0.0
2456,-0.2,-0.6
2457,0.0,-0.4
2458,0.2,0.4
2459,-0.0055555555555555,0.0
2460,0.1363636363636363,0.0
2461,0.0,0.0
2462,0.3041666666666666,0.4
2463,0.0,0.0
2464,0.0,0.4
2465,0.0,0.0
2466,0.4,0.2
2467,-0.05,-0.2
2468,0.1,0.0
2469,0.1363636363636363,0.0
2470,0.0,0.0
2471,0.3333333333333333,-0.2
2472,0.0,0.0
2473,0.0,-0.4
2474,0.0,0.2
2475,0.15,0.2
2476,-0.0212121212121212,-0.2
2477,0.05,0.0
2478,0.0,0.0
2479,0.0,0.0
2480,-0.5,-0.2
2481,0.0,0.2
2482,0.0,0.2
2483,0.0,-0.2
2484,0.0,0.0
2485,-0.6,0.2
2486,0.0,0.0
2487,0.0681818181818181,0.0
2488,0.0833333333333333,0.2
2489,0.0,0.0
2490,0.0,0.2
2491,0.2454545454545454,0.0
2492,0.4333333333333333,0.4
2493,0.0,-0.2
2494,0.5,0.0
2495,0.0,0.0
2496,0.0,-0.2
2497,-0.1666666666666666,0.2
2498,0.25,-0.4
2499,0.0,-0.2
2500,0.0,-0.2
2501,0.0,0.0
2502,-0.1,0.0
2503,-0.0666666666666666,0.0
2504,0.2272727272727272,-0.2
2505,-0.0374999999999999,-0.2
2506,0.0,0.0
2507,0.0,0.0
2508,0.0,-0.4
2509,0.0,0.0
2510,-0.4,0.0
2511,0.1363636363636363,0.0
2512,0.0,-0.8
2513,0.0,0.0
2514,0.6,0.2
2515,0.0,0.0
2516,0.0,0.0
2517,0.0,0.0
2518,0.0,-0.2
2519,0.0999999999999999,-0.6
2520,0.0,0.0
2521,0.0,0.0
2522,0.45,0.2
2523,-0.1999999999999999,-0.2
2524,0.1785714285714285,0.0
2525,0.0,0.0
2526,0.0,0.0
2527,0.0,0.0
2528,0.0499999999999999,0.2
2529,0.0,0.0
2530,0.03125,-0.2
2531,0.0,-0.2
2532,0.0,-0.2
2533,0.1666666666666666,0.4
2534,0.0,0.0
2535,0.0,0.0
2536,0.55,0.0
2537,0.0,0.0
2538,0.1,0.0
2539,0.15,0.0
2540,0.0,0.0
2541,0.4785714285714285,0.0
2542,-0.0055555555555555,0.0
2543,0.0,0.0
2544,0.3,0.2
2545,0.0,0.2
2546,0.3249999999999999,0.2
2547,-0.1999999999999999,-0.2
2548,0.1363636363636363,0.0
2549,0.3,0.0
2550,0.0833333333333333,0.2
2551,0.0,0.2
2552,0.0,0.0
2553,0.0499999999999999,0.2
2554,0.425,0.4
2555,-0.5,-0.2
2556,0.0,0.0
2557,0.0,0.0
2558,0.0,-0.8
2559,0.6,0.2
2560,0.5,-0.2
2561,-0.5,0.0
2562,0.0,-0.8
2563,0.03125,-0.2
2564,-0.1,-0.2
2565,-0.1,-0.2
2566,0.10625,-0.4
2567,0.2,0.4
2568,0.0,-0.2
2569,0.0,0.0
2570,0.0,0.0
2571,0.0,0.0
2572,0.0,-0.2
2573,0.0,-0.2
2574,0.25,0.0
2575,0.1,-0.4
2576,0.0,-0.2
2577,-0.2,-0.2
2578,0.0,0.0
2579,-0.0374999999999999,-0.2
2580,0.0,0.0
2581,0.0333333333333333,0.2
2582,-0.3,0.2
2583,0.0,0.0
2584,0.2,0.0
2585,0.0,0.0
2586,0.0,0.2
2587,0.0,-0.2
2588,0.4,0.2
2589,0.0,0.0
2590,0.25,0.2
2591,0.3333333333333333,0.2
2592,0.0,-0.2
2593,0.0,0.4
2594,0.0,0.0
2595,0.0,0.0
2596,0.0,-0.4
2597,-0.1999999999999999,-0.2
2598,0.25,0.2
2599,0.3333333333333333,0.0
2600,0.0833333333333333,0.2
2601,0.0,0.0
2602,0.0499999999999999,0.2
2603,0.3181818181818182,-0.2
2604,0.0,0.2
2605,0.0,-0.8
2606,0.0,0.0
2607,0.1,0.0
2608,0.2,-0.2
2609,-0.05,-0.4
2610,-0.1,0.0
2611,0.0681818181818181,-0.2
2612,-0.1,-0.2
2613,-0.1666666666666666,-0.4
2614,0.1363636363636363,-0.2
2615,0.0,0.0
2616,-0.1,0.2
2617,0.35,0.2
2618,0.4333333333333333,0.0
2619,0.1363636363636363,-0.2
2620,-0.05,-0.4
2621,-0.0166666666666666,0.0
2622,0.3181818181818182,0.2
2623,0.0,-0.2
2624,0.1363636363636363,-0.2
2625,0.0,-0.4
2626,0.0,0.2
2627,0.0333333333333333,-0.2
2628,0.0166666666666666,-0.2
2629,0.4333333333333333,0.0
2630,0.1363636363636363,0.0
2631,0.6,0.2
2632,0.0,0.0
2633,0.375,0.6
2634,-0.2,-0.4
2635,0.0,0.2
2636,-0.1318181818181818,-0.4
2637,0.5,-0.2
2638,0.125,0.0
2639,0.0,0.0
2640,0.0,-0.2
2641,0.0,0.0
2642,0.0,-0.2
2643,0.0333333333333333,0.0
2644,0.0,0.2
2645,0.425,0.4
2646,0.0,0.0
2647,0.1363636363636363,-0.2
2648,-0.4333333333333333,-0.2
2649,0.0,0.0
2650,0.03125,0.0
2651,0.0,0.0
2652,0.0,0.0
2653,0.0,-0.2
2654,0.0,0.2
2655,-0.1666666666666666,0.0
2656,0.0,0.0
2657,0.0,0.0
2658,0.0,-0.4
2659,0.1363636363636363,-0.2
2660,-0.4,-0.4
2661,0.0,0.0
2662,-0.0666666666666666,0.0
2663,0.0,0.0
2664,-0.05,0.0
2665,0.0,0.0
2666,0.5,0.4
2667,0.0,0.0
2668,-0.1,-0.2
2669,0.0,0.0
2670,0.0,0.0
2671,-0.0499999999999999,-0.2
2672,0.4333333333333333,0.0
2673,0.0,0.2
2674,0.0,-0.6
2675,-0.1666666666666666,-0.4
2676,0.0,0.0
2677,0.25,0.4
2678,0.03125,0.2
2679,0.0,0.2
2680,0.6,0.0
2681,0.0,0.0
2682,0.0966666666666666,0.2
2683,0.0,0.0
2684,-0.0333333333333333,0.4
2685,-0.0333333333333333,-0.2
2686,0.0,0.0
2687,0.5,0.0
2688,0.0,-0.2
2689,0.0,0.0
2690,-0.05,-0.4
2691,-0.25,0.2
2692,0.0,0.0
2693,0.4166666666666666,0.6
2694,0.0,0.4
2695,0.0,0.0
2696,0.0,0.0
2697,0.2,0.0
2698,0.05,0.0
2699,0.0,0.0
2700,0.3333333333333333,0.2
2701,0.1444444444444444,-0.4
2702,0.2166666666666666,0.0
2703,0.1416666666666666,-0.4
2704,0.0,0.0
2705,0.5,-0.4
2706,0.0681818181818181,-0.2
2707,-0.0125,-0.2
2708,0.0,0.0
2709,0.0,0.0
2710,-0.1666666666666666,0.0
2711,0.1363636363636363,0.0
2712,0.0,-0.2
2713,-0.05,-0.6
2714,0.0,0.0
2715,-0.0833333333333333,-0.2
2716,0.25,0.2
2717,0.1,0.2
2718,0.0,0.2
2719,0.0,0.0
2720,0.0,-0.4
2721,0.0,-0.2
2722,0.4333333333333333,0.0
2723,0.0,-0.2
2724,0.25,0.2
2725,-0.1,-0.2
2726,0.0,0.2
2727,-0.1666666666666666,-0.4
2728,-0.5,-0.6
2729,0.0625,0.0
2730,0.0,-0.4
2731,-0.1666666666666666,0.2
2732,0.1363636363636363,-0.2
2733,-0.0166666666666666,0.0
2734,0.03125,0.2
2735,-0.0333333333333333,0.0
2736,-0.7,-0.4
2737,0.0,0.0
2738,0.45,0.2
2739,0.0,-0.2
2740,0.5,0.4
2741,0.0,0.0
2742,0.0454545454545454,0.0
2743,-0.3,-0.4
2744,0.25,0.0
2745,0.0454545454545454,-0.2
2746,0.0,0.0
2747,0.0,0.0
2748,0.0,0.0
2749,0.0,0.2
2750,0.0,0.0
2751,0.1681818181818181,0.0
2752,0.0,0.0
2753,-0.0333333333333333,0.2
2754,-0.2833333333333333,0.0
2755,0.4166666666666666,0.6
2756,0.1363636363636363,0.0
2757,-0.25,0.2
2758,0.3571428571428571,-0.2
2759,0.0,0.0
2760,-0.0416666666666666,0.0
2761,0.25,0.0
2762,-0.025,0.0
2763,0.0,0.0
2764,-0.4,0.0
2765,0.0,0.0
2766,0.075,-0.2
2767,0.1,0.0
2768,0.4898989898989899,0.2
2769,0.0681818181818181,0.0
2770,-0.0318181818181818,0.0
2771,0.5,0.2
2772,0.2166666666666666,0.0
2773,0.2499999999999999,0.0
2774,0.0,-0.2
2775,0.0,0.0
2776,-0.1666666666666666,-0.2
2777,-0.1666666666666666,-0.2
2778,0.05,0.0
2779,0.0,0.0
2780,0.0,-0.2
2781,0.0,-0.2
2782,0.1363636363636363,0.0
2783,0.4,0.0
2784,0.0,0.0
2785,0.0,0.0
2786,-0.25,-0.6
2787,0.6000000000000001,0.2
2788,0.0,0.0
2789,-0.4666666666666667,-0.4
2790,0.0,-0.2
2791,-0.1,-0.4
2792,0.0,0.0
2793,0.0,0.0
2794,0.0,0.0
2795,0.0,0.0
2796,0.1666666666666666,0.0
2797,0.3,-0.2
2798,0.0,0.0
2799,-0.0125,-0.2
2800,0.0,0.0
2801,0.1785714285714285,0.0
2802,0.0,-0.2
2803,0.0,-0.4
2804,0.0,-0.4
2805,-0.2,-0.2
2806,0.0166666666666666,-0.4
2807,0.0,0.0
2808,-0.3,-0.2
2809,0.5,0.2
2810,0.0,0.0
2811,-0.2,-0.2
2812,0.5,-0.2
2813,0.45,0.0
2814,0.0,0.0
2815,0.3,0.2
2816,0.0,-0.4
2817,0.775,0.6
2818,0.0,0.0
2819,0.0,-0.2
2820,-0.3,0.0
2821,0.0,-0.2
2822,-0.25,0.0
2823,0.35,0.2
2824,-0.1,0.0
2825,-0.1,0.0
2826,0.0,0.2
2827,0.0,-0.2
2828,-0.05,0.0
2829,0.1,0.0
2830,0.0,0.0
2831,0.03125,-0.4
2832,0.0,0.2
2833,0.0,-0.4
2834,0.0,-0.2
2835,0.0166666666666666,-0.4
2836,0.0,-0.4
2837,0.6000000000000001,0.2
2838,0.125,-0.2
2839,0.0,-0.2
2840,0.4,0.0
2841,0.5,0.2
2842,0.0,-0.2
2843,0.2166666666666666,0.2
2844,-0.2,-0.2
2845,0.1785714285714285,0.0
2846,0.1363636363636363,-0.2
2847,0.0,0.0
2848,-0.2,-0.2
2849,0.0,0.0
2850,0.0,0.0
2851,0.5,-0.2
2852,0.0,0.0
2853,0.45,0.0
2854,-0.05,0.0
2855,0.0,0.0
2856,0.0,-0.2
2857,0.3571428571428571,-0.2
2858,0.0,0.0
2859,0.1363636363636363,0.0
2860,0.5,0.2
2861,0.775,0.6
2862,-0.0416666666666666,-0.2
2863,0.1666666666666666,-0.2
2864,0.0,0.0
2865,0.6000000000000001,0.2
2866,-0.05,-0.2
2867,0.3571428571428571,-0.2
2868,0.0,0.2
2869,0.1363636363636363,0.0
2870,0.0,0.0
2871,-0.5,-0.2
2872,-0.5,-0.2
2873,-0.085,-0.2
2874,0.0,0.0
2875,0.1363636363636363,0.0
2876,0.0,-0.2
2877,0.0,0.0
2878,0.0,-0.4
2879,-0.25,0.0
2880,0.3035714285714286,0.0
2881,0.25,0.0
2882,-0.2,-0.2
2883,0.3571428571428571,0.0
2884,0.375,0.4
2885,0.05,0.0
2886,0.0,0.0
2887,0.0,-0.4
2888,0.0,-0.4
2889,-0.0378787878787878,0.0
2890,0.0,0.0
2891,0.0,0.0
2892,0.0625,0.2
2893,0.0,-0.2
2894,0.1535714285714285,0.0
2895,-0.1666666666666666,0.0
2896,-0.1714285714285713,-0.2
2897,0.525,0.0
2898,-0.0892857142857142,0.0
2899,0.0,0.0
2900,0.1,0.0
2901,0.3571428571428571,0.0
2902,0.0,0.0
2903,0.3,-0.4
2904,0.0,0.0
2905,0.0,-0.4
2906,0.35,0.2
2907,0.1363636363636363,0.0
2908,0.1363636363636363,-0.2
2909,-0.1,0.0
2910,0.0,0.0
2911,0.0,-0.2
2912,0.4,0.0
2913,0.0,0.0
2914,-0.125,-0.4
2915,-0.8,-0.4
2916,0.0,-0.2
2917,0.0,-0.2
2918,0.0,-0.4
2919,-0.5,-0.2
2920,-0.3499999999999999,0.2
2921,0.0,0.0
2922,-0.1,0.0
2923,0.25,0.4
2924,0.0,0.0
2925,0.4,0.0
2926,-1.0,-0.4
2927,-0.1666666666666666,0.2
2928,0.6000000000000001,0.4
2929,0.0,0.0
2930,0.0,0.0
2931,-0.2,-0.2
2932,0.0,0.0
2933,0.0,0.2
2934,0.0,-0.2
2935,-0.6,0.0
2936,-0.0416666666666666,-0.2
2937,0.0,0.4
2938,0.0,-0.2
2939,-0.0666666666666666,-0.6
2940,0.3,0.4
2941,-0.1,-0.4
2942,0.0,0.0
2943,0.0,0.0
2944,-0.05,0.0
2945,0.0,0.2
2946,0.375,0.4
2947,0.0,-0.2
2948,0.0,0.0
2949,0.0,-0.2
2950,0.5,0.0
2951,0.0,0.0
2952,0.0,0.0
2953,0.1,0.0
2954,0.0,0.0
2955,0.0,0.2
2956,-0.0378787878787878,0.0
2957,0.0,-0.2
2958,0.0833333333333333,0.0
2959,-0.5,-0.2
2960,-0.2,-0.2
2961,-0.1,0.0
2962,-0.1,0.0
2963,0.0,0.0
2964,0.0,0.0
2965,-0.15,0.2
2966,0.4,0.0
2967,0.0,0.0
2968,0.25,0.4
2969,0.0,0.0
2970,-0.125,0.0
2971,0.3333333333333333,0.0
2972,0.0,0.2
2973,0.0,0.0
2974,-0.1666666666666666,0.2
2975,-0.1,-0.2
2976,0.1363636363636363,0.0
2977,-0.3,0.0
2978,-0.1666666666666666,0.0
2979,0.0,0.0
2980,-0.0318181818181818,-0.4
2981,0.0,0.0
2982,0.0999999999999999,0.2
2983,-0.1222222222222222,-0.4
2984,0.0,0.2
2985,-1.0,-0.4
2986,0.0,0.0
2987,0.0,-0.4
2988,-0.2,-0.4
2989,-0.2,0.2
2990,0.0,0.0
2991,0.0,0.2
2992,0.55,0.2
2993,-0.0666666666666666,0.0
2994,0.1363636363636363,0.0
2995,0.0625,-0.4
2996,0.1,-0.2
2997,-0.05,-0.4
2998,-0.2,-0.2
2999,-0.0416666666666666,-0.2
3000,-0.2,-0.2
3001,0.0,0.2
3002,0.0,-0.2
3003,-0.1,0.0
3004,-0.0666666666666666,-0.6
3005,0.0,0.2
3006,0.0,0.2
3007,0.0,0.0
3008,0.0,0.2
3009,0.2083333333333333,0.0
3010,0.0,-0.4
3011,0.0,-0.2
3012,0.3181818181818182,0.2
3013,-0.6071428571428572,-0.4
3014,0.3181818181818182,0.2
3015,0.0,0.0
3016,0.1363636363636363,0.0
3017,-0.3333333333333333,-0.2
3018,0.0,-0.2
3019,0.0,0.0
3020,0.0,0.0
3021,0.5,0.2
3022,0.0,-0.2
3023,0.5,0.2
3024,0.0,0.2
3025,0.0,-0.4
3026,0.0625,-0.4
3027,0.0,0.2
3028,0.0681818181818181,0.0
3029,0.5,0.2
3030,0.0,0.0
3031,-0.2,-0.2
3032,0.0999999999999999,0.2
3033,0.0,0.0
3034,-0.2,-0.2
3035,-0.125,-0.6
3036,0.0,0.0
3037,0.0681818181818181,0.0
3038,-0.1222222222222222,-0.4
3039,0.5,0.2
3040,0.0,-0.4
3041,0.0,0.2
3042,0.0,-0.2
3043,0.3444444444444445,0.0
3044,0.0,0.2
3045,0.0,-0.4
3046,0.0,0.0
3047,0.0,0.0
3048,0.0,0.0
3049,0.4,0.0
3050,0.0,-0.2
3051,0.0,-0.2
3052,0.2,0.0
3053,-0.6,0.0
3054,0.0,0.0
3055,-0.05,0.4
3056,0.0,0.0
3057,0.0681818181818181,0.0
3058,0.0999999999999999,0.6
3059,0.6,0.2
3060,0.0,0.2
3061,0.0,0.2
3062,-0.1666666666666666,0.0
3063,0.0,-0.4
3064,0.0,-0.2
3065,0.0,0.0
3066,-0.0416666666666666,-0.4
3067,-0.1,-0.2
3068,-0.2785714285714286,-0.4
3069,0.0,0.0
3070,0.0966666666666666,0.2
3071,0.0,0.0
3072,0.0,0.0
3073,0.0,-0.2
3074,0.5499999999999999,0.6
3075,0.8,0.2
3076,0.5,0.0
3077,0.15,0.0
3078,0.0,-0.2
3079,0.0681818181818181,-0.2
3080,0.0,0.0
3081,0.2916666666666667,0.2
3082,-0.0666666666666666,0.0
3083,0.0,0.0
3084,0.05,0.2
3085,0.0,-0.2
3086,0.0,-0.2
3087,-0.05,0.0
3088,0.6000000000000001,0.4
3089,-0.5,-0.2
3090,-0.0666666666666666,0.0
3091,-0.2,-0.2
3092,0.0,-0.2
3093,-0.15,0.0
3094,0.5,0.0
3095,0.0,-0.2
3096,0.0,0.0
3097,0.0,-0.6
3098,-0.5,-0.4
3099,0.8,0.2
3100,0.2916666666666667,0.2
3101,-0.0333333333333333,0.0
3102,0.0,0.0
3103,0.0,-0.2
3104,0.0,0.0
3105,0.1,-0.2
3106,0.0,0.0
3107,0.0,0.0
3108,-0.1666666666666666,-0.2
3109,-0.125,0.2
3110,0.0,-0.4
3111,0.0,0.0
3112,0.7,0.2
3113,0.0,-0.2
3114,0.0,0.0
3115,0.0,-0.4
3116,0.0,0.0
3117,0.0,0.0
3118,0.0,0.2
3119,-0.05,-0.2
3120,0.6,0.2
3121,0.0,0.0
3122,0.0,0.0
3123,0.0,0.2
3124,0.0,0.0
3125,0.0,0.0
3126,0.0,-0.2
3127,0.0,-0.2
3128,0.5,-0.4
3129,-0.1,-0.2
3130,0.0,-0.4
3131,0.0,0.0
3132,0.0,0.0
3133,-0.2333333333333333,-0.2
3134,0.0,0.2
3135,0.1363636363636363,0.0
3136,-0.11875,-0.2
3137,-0.5,0.0
3138,0.03125,0.2
3139,-0.1666666666666666,0.2
3140,0.0,0.0
3141,0.0,0.0
3142,0.0,0.0
3143,0.0,0.2
3144,-0.4,0.0
3145,0.0,0.4
3146,-0.1,-0.2
3147,0.0625,-0.2
3148,-0.125,-0.6
3149,0.0,0.0
3150,0.0,0.0
3151,-0.1875,-0.2
3152,0.3444444444444445,0.0
3153,0.0,0.0
3154,0.0,0.0
3155,0.0,0.0
3156,0.0,0.0
3157,0.0,-0.2
3158,0.0,-0.2
3159,0.3,0.2
3160,-0.1666666666666666,0.0
3161,0.0,0.0
3162,-0.05,0.4
3163,0.0,-0.2
3164,0.0681818181818181,0.0
3165,0.0999999999999999,0.6
3166,0.0,-0.2
3167,-0.2666666666666666,-0.2
3168,-0.1666666666666666,0.0
3169,0.0,0.0
3170,0.0,-0.2
3171,0.025,-0.4
3172,0.4,0.0
3173,0.0,-0.2
3174,-0.2,-0.2
3175,0.5,0.2
3176,0.0,0.2
3177,0.6,0.2
3178,0.0,-0.2
3179,0.0,0.2
3180,0.0,0.2
3181,0.062215909090909,0.0
3182,0.0,0.2
3183,-0.0666666666666666,0.0
3184,-0.1666666666666666,0.0
3185,0.0614583333333333,0.4
3186,0.5,0.2
3187,0.0,0.0
3188,0.0,-0.2
3189,-0.1916666666666666,0.0
3190,-0.2318181818181818,-0.4
3191,0.1363636363636363,-0.4
3192,0.625,0.2
3193,0.0,0.0
3194,0.0,0.2
3195,0.4,0.2
3196,-0.1666666666666666,-0.8
3197,-0.1,-0.2
3198,-0.125,0.2
3199,0.0,-0.2
